Age,Income,Spending,Category,Score
56,35903.30519613641,2863.4819256167025,Electronics,40.76113072947654
69,63051.954538008344,1800.1819071926989,Travel,51.56520812377517
46,48654.73882073545,2112.342362875943,Electronics,43.888468569383086
32,38666.19435603489,2466.295415936545,Healthcare,34.29648102080311
60,50301.4067363621,1290.8171335334841,Groceries,46.748874914597195
25,43776.779945784074,1119.5955940096121,Healthcare,39.48005657378391
38,85307.12452608848,1237.1718427149526,Electronics,52.359680069476966
56,73224.59635424176,2631.292051713591,Travel,62.12427558007027
36,59880.41038025074,1724.0709270537766,Travel,43.61345200543221
40,82199.16208335038,3279.099642834126,Healthcare,60.23243813614946
28,61160.524614714275,1717.8762006713057,Travel,42.32499021809726
28,47080.73698007604,2092.2756515985184,Electronics,35.276447126438974
41,82846.86115904486,2771.054976283938,Healthcare,58.125874675612785
53,68083.65065526988,3003.0464440795613,Travel,56.606935686940076
57,44441.30768510315,3030.751788318199,Groceries,42.34781002584461
41,57144.91982874588,2604.1831152965715,Groceries,47.581984480009616
20,46865.726199228644,2512.031262905731,Electronics,33.624536815655276
39,39258.00403553496,2296.2634746005915,Travel,33.66139028888795
19,73892.66321297461,2389.180538083319,Electronics,46.52466696666232
41,88641.24960705196,1724.4071418357332,Healthcare,62.58373752092259
61,39021.48639271288,1590.9005582888465,Groceries,39.92187413890169
47,68444.53855035856,1998.312771294524,Healthcare,53.03580205418757
55,50240.361463172594,1914.9076887375359,Travel,43.988083557630425
19,52693.11924352956,1773.3859753363624,Electronics,37.109175272284745
38,51114.09113641696,2348.193723728358,Electronics,43.0244484932456
50,47040.138454802756,2477.652604285255,Electronics,47.17259210256471
29,60727.82441917241,2044.2034431459238,Healthcare,42.80119120487962
39,47535.748253834434,2738.765040527631,Groceries,42.28271381748829
61,64056.85238669758,1429.1554429332475,Healthcare,53.382872158293175
42,59246.42835826294,1903.1702703601409,Healthcare,48.62129828357779
66,56415.77929700386,1641.5888396985974,Travel,49.853402552681665
44,46386.545069376036,1066.73169146347,Travel,40.01674654336952
59,51348.43004147501,1958.6596570786503,Travel,46.90213974266145
45,71330.86838738635,1939.1262458083581,Groceries,52.91531033109289
33,67513.75781436572,2756.7248716210656,Groceries,49.35383361932174
32,45336.67132802174,2315.4058422773887,Travel,37.403628141419006
64,61489.98458143839,1487.9065878353977,Travel,52.68834738014607
68,71270.80685057683,2927.046283167094,Groceries,62.31892235796366
61,34958.92078317942,2610.5168477626767,Electronics,44.15673020223943
69,68150.40288569902,2291.048851734308,Groceries,61.328198517548564
20,50060.643615812296,1886.7579505750841,Groceries,36.54214689405011
54,68558.9800288974,1520.2803816382602,Groceries,52.608971725677485
68,48551.11265186225,1813.8966119644735,Travel,46.524867893403425
24,32926.76849003221,2544.374309852093,Electronics,30.662733981195796
38,35586.86343175256,2942.2931529673046,Groceries,36.83011160687048
26,60721.27419992073,2771.6217641360945,Travel,46.64922197973452
56,63895.83752582223,1755.575289106863,Healthcare,51.05110808918638
35,46435.25062343387,1440.1912833554943,Healthcare,36.13891056770723
21,69578.88688166061,2070.443123455602,Groceries,41.95136136269063
42,35077.1990659656,1115.780317218574,Healthcare,31.58521795529821
31,59008.80302029025,2161.5838570923906,Electronics,45.1207102454888
67,41834.75700356315,1926.1987068506658,Healthcare,43.936785157026506
26,50222.45838296761,1766.9817490658788,Healthcare,37.72615228001722
43,60710.98006974621,1202.6484663666024,Electronics,45.27978075561069
19,47093.799520740715,2256.800053284858,Groceries,34.40861392338319
37,54231.66683655262,1733.6495801690444,Groceries,39.387749798983066
45,75094.39213821662,1415.041582144856,Electronics,54.04769813266582
64,51346.62195715277,563.8688933591754,Electronics,40.01877682349328
24,72535.38168097712,1986.242547474682,Electronics,47.06638361911395
61,43054.397180135726,2886.125798334872,Healthcare,42.33850369930733
25,67947.06266872924,2830.629607273935,Electronics,49.546779582006124
64,81623.5293098685,1771.451871706864,Travel,65.10948310387701
52,22925.332498090662,1698.8939698191098,Healthcare,31.39379615261571
31,48046.57116794285,2234.387128037512,Groceries,40.83407229436521
34,68656.0819077081,1500.8072804058543,Groceries,45.63182247301608
53,56954.31920935511,2150.895949909733,Groceries,52.17367790032814
67,65567.18810056963,2383.040139192345,Healthcare,59.514057457190276
57,50940.22219926269,2613.4666119421536,Travel,47.32393374907776
21,61298.8468120935,1949.9229617600236,Electronics,43.12050962393268
19,57664.84146911881,1898.1631249115171,Electronics,36.11615995955916
23,77516.73092489711,1561.0087066217195,Groceries,47.13135455263665
59,63816.31264951819,1586.5598229800698,Groceries,51.56409652423984
21,65064.039931128034,1886.7605540492366,Healthcare,41.547585657534455
46,53821.84550816299,2183.682753408089,Travel,42.965172975377165
35,52685.906638912595,2456.792313116625,Electronics,44.2027040798802
43,53511.627182705684,1598.4105246598276,Healthcare,42.33492583993284
61,65916.78213567445,2746.344284479761,Electronics,57.4560895735105
51,53685.232787696055,1864.4381994787157,Groceries,44.7307900599781
27,64346.62285344619,1989.316352825782,Electronics,40.61073753127763
53,91131.01197968159,1626.3941604260883,Travel,65.2584090274758
31,73066.87055147538,787.8798698635292,Travel,43.58468506462519
48,55109.647017482384,2442.022698180525,Groceries,46.70160081293131
65,78018.20883245918,2368.4219485462168,Travel,60.5093182356564
32,53878.86940467673,1859.3362214408933,Travel,44.232659143681765
25,29428.13197233219,2033.495358612436,Healthcare,28.10378214774041
31,44878.70533623894,2257.9696088520495,Electronics,36.46679946836654
40,31938.121184612166,1218.7270715567288,Groceries,32.93392809072888
57,54727.297739380374,1735.4736613268526,Groceries,46.241964237412425
38,60276.27568784328,2397.1323398109134,Groceries,47.41936128088365
33,85146.55968412924,1372.8552884153753,Groceries,55.6186112863328
62,64903.910606462436,2146.7789660833146,Groceries,55.87355339806518
35,56713.49206786704,1321.7090976882973,Travel,44.04487122952365
64,72441.08371775234,2233.2149912167633,Healthcare,61.35195604686929
41,26832.970364881723,1982.1792588512583,Groceries,30.258291025793426
43,63534.21837162849,1192.4340920472453,Healthcare,43.74220249745215
42,71562.9779083045,2582.3696772285857,Healthcare,51.6261357180505
62,37821.20631330238,1632.7042116009754,Travel,40.53059371266169
58,77156.31064810394,1594.8737814928095,Groceries,59.35464763559089
46,65077.44611241621,2100.2845986154716,Travel,48.2788848040912
32,53770.681291487985,2574.3186747143577,Groceries,46.457331346329546
62,69491.72799159428,1492.0890905108015,Travel,59.362830287325885
18,94060.39286706594,2030.8399249239858,Healthcare,57.69611292416591
42,62727.99382587743,2214.4082501652865,Groceries,48.53688713583677
24,63723.30879450504,2346.552803631572,Electronics,43.33034206471336
26,53109.58650689634,2088.2207776386126,Healthcare,36.62739788868093
41,47252.33445802813,1816.4860804583388,Electronics,39.714100426968464
18,72455.03724816369,1586.20488967564,Healthcare,45.31543348371863
61,47158.74261136699,2043.0719415231874,Travel,43.481994037766626
25,61073.49355829089,1463.9304940071966,Groceries,41.632960601649636
41,52835.13829852325,539.3247582526963,Healthcare,39.485700568117515
28,67184.69738619588,2218.279902078834,Travel,42.613293381500824
68,65004.931579304226,2451.9674205430974,Groceries,56.085630609179304
34,75563.0991638685,818.5337822290808,Groceries,48.79140607954912
25,52349.75401717879,1495.1346476450312,Healthcare,40.440521618559835
52,55951.87597059943,2309.5771305025987,Groceries,49.30819849537243
52,45318.54426326539,3028.7477348558496,Healthcare,41.64580446314461
50,53335.60109885833,2010.396853837704,Groceries,46.66066683593984
22,65659.50739567279,1635.998529385433,Electronics,39.60714277873053
59,71354.82924968028,1908.55177944758,Travel,59.359900291509454
56,46167.52013733562,2687.4382095740925,Electronics,44.31638718418024
58,73044.0888015849,1677.0179104377323,Healthcare,57.088807844189574
45,80334.56788207426,1600.4039966748733,Electronics,59.519685229471264
24,66201.52354835552,1758.6282389089838,Healthcare,41.24369111482722
26,88151.937188371,1523.3356958706438,Groceries,52.1284036157008
25,48393.1620134464,2061.335157997398,Groceries,34.65205267002599
29,41330.179450328746,2812.3392292347803,Healthcare,37.06652588567256
51,33319.19626643582,2161.5396365580145,Electronics,33.24398525538025
50,82440.66467233775,1873.823248936856,Groceries,54.30366763782145
65,69815.48484531087,1854.094365542228,Travel,57.2136134369219
40,59166.229936343174,1218.4045956516716,Groceries,45.123405759296766
41,64199.529394797304,2441.5548885735793,Travel,51.683397974023464
54,43117.66429052435,1961.081401493599,Electronics,40.754672224078575
52,96686.27969425239,1909.7600432046872,Travel,66.93980671930356
61,61938.31772962841,3596.5537839224307,Travel,58.770067901170556
57,61640.92191907339,2149.376454182843,Travel,48.47973046851154
39,70886.49935848037,1624.1044749524078,Travel,49.61441707877898
44,67215.13847605069,1786.8212018972283,Groceries,50.762059421669925
52,63358.26036418697,2574.222854598377,Travel,53.32601333386032
18,48142.88316832032,2056.635205268882,Groceries,32.565098608316156
52,67072.02535703994,1280.8610108413168,Travel,51.766616723614284
54,88230.3674471255,2459.6144672876017,Healthcare,60.25775795131197
64,80181.30069232467,1665.9279572305031,Electronics,61.30600943595565
31,83897.79939959096,2936.6488881087726,Travel,58.02921490112196
20,52331.76485353222,2540.0240328573245,Healthcare,35.2813424239714
18,45155.92769612129,1776.3390521706244,Travel,31.648610395581088
22,58113.19619850528,2640.5081808675563,Travel,41.83135946259315
43,60835.87368433042,2033.9277552637016,Travel,46.70069395097708
31,76412.87277706423,2426.3868375611096,Healthcare,52.70013760564747
56,34613.030554277706,2242.366408647237,Electronics,36.6657829638641
44,82943.2547919092,1576.8216725045631,Healthcare,57.412048181571635
26,57629.88152131516,1678.225083841269,Electronics,41.191823267518565
32,53596.7839507887,2514.9804087905804,Travel,41.74229871491238
32,44818.434371097486,1832.6123339467294,Groceries,34.501379314314335
43,35177.14992201346,1798.1757683790017,Travel,34.53335930634631
59,72347.55875942872,1522.4387103253234,Electronics,58.34787638163825
30,61099.76950782606,2211.7995327967305,Healthcare,39.87360126235154
68,40650.58650388419,3031.262459621573,Travel,49.105966301097034
49,40573.818419045754,1466.2335428728636,Healthcare,37.246866817906465
56,54963.229510648074,2012.109728336379,Healthcare,49.15681407847726
66,85035.32287934089,2706.110277707715,Healthcare,70.12437584237634
69,56106.12972954593,1960.1793043771424,Travel,49.93007607906632
49,37452.85570322841,2226.185898124867,Healthcare,36.45991764300885
21,56313.85403871084,1468.80323592656,Healthcare,36.81743609945713
47,55909.146453784946,2214.153548603824,Travel,44.91537328185127
54,19546.700355876426,1906.4278674977256,Healthcare,33.25607906460728
40,59185.577002232814,2492.8649978399317,Travel,44.86497430914268
56,56535.98204686983,2593.6930257823756,Electronics,49.14428351602593
62,70443.09547220127,3294.781821009307,Electronics,60.819889441325195
32,87734.34142418018,2289.816586606788,Electronics,55.6425048331515
60,76898.47544321636,2162.8981582910833,Healthcare,59.983672614677815
46,55966.669641677545,2097.192150788668,Groceries,46.61262564491646
53,43402.11136887495,1823.4168535946558,Groceries,40.582168582861755
30,98600.3970487479,2169.2419217308457,Healthcare,62.45190865003575
49,60888.27651021732,1852.2992949304853,Groceries,47.790072620072884
24,60208.939378694195,2084.2304881348073,Travel,38.443990047255184
68,59638.12369334995,2658.79876780398,Groceries,56.17984580496141
39,62971.271411517824,1496.7287173601794,Healthcare,49.688959283773755
45,57834.593821140865,2569.939280564523,Healthcare,47.59397873326635
19,51395.069896796456,2658.5575336699326,Travel,37.16517825023319
59,51797.115881394115,1940.9657365044607,Electronics,48.86593492393969
62,59508.70094676002,939.0725504957027,Healthcare,47.69383458127801
23,51848.62843299352,1696.089006452784,Travel,39.62152154566154
45,49307.313259842536,2648.4972732805545,Groceries,43.85530876932798
45,61596.453415378455,1988.5659688505589,Groceries,51.53907244356856
61,56175.34173868717,1500.3488838525445,Travel,47.9223026460007
61,82559.89482874033,1747.6125393858913,Travel,66.7112963382576
37,20235.45287410482,2420.3100132522763,Healthcare,27.608657451626527
47,76372.60277883692,2273.3667841006895,Groceries,57.93911512932456
28,78691.27788746444,1880.533950415153,Travel,51.974755753268816
45,28899.146513877757,1816.5877940926562,Groceries,31.085691608975292
42,54859.68608879477,1804.120925478089,Travel,46.0391482123013
56,54428.38701006313,1538.7949077507487,Groceries,47.372503060229164
50,38887.32457923268,2807.687844734721,Electronics,36.12489857191148
18,48332.74968613687,1838.83976539433,Healthcare,31.009681450443093
44,43341.36231801257,2608.579260412748,Groceries,39.71614817544628
69,86284.05665135435,2760.6580259612256,Electronics,69.98334234393074
30,74035.17589721191,2499.15544907398,Groceries,50.90272186895413
58,79073.32642491237,1784.1898436409758,Groceries,62.94298447932547
20,70825.08096064853,2201.8650451683047,Electronics,41.91406684258362
56,43064.22343174156,1987.902196804542,Groceries,42.59509198249018
23,52132.196005803395,1548.149069634936,Groceries,32.426437691397254
25,67340.61841841877,2162.1796408608016,Healthcare,47.014093081899325
44,41668.08286662082,1410.4801044200988,Electronics,36.6660842132666
26,70694.97645258582,2593.839694230782,Electronics,49.17438755880271
54,56395.119027627974,1767.6913513508034,Travel,46.20517629533606
50,54377.68788675604,2100.57982793642,Groceries,48.948933462566366
68,70664.39952305237,2141.643935773071,Healthcare,62.09893696119003
59,66663.94967229059,1870.5475131479614,Groceries,55.94015846846499
61,54585.507512713804,2293.3469007376375,Groceries,49.9204130641053
41,77389.94705046373,1762.5481716887377,Travel,55.67978443919961
32,43784.05008600154,2435.648648728622,Groceries,34.94953720448331
49,69239.03410416396,1327.0101598766257,Healthcare,53.68464868987665
49,68896.51886952575,2063.189789773206,Healthcare,56.57360080295713
41,55356.803410290144,2969.4644995291424,Travel,48.058551824161725
58,64891.99533363177,1499.8343376972125,Groceries,51.38646140259549
69,41233.29635422045,1661.1275147375743,Healthcare,45.36173784113158
66,73860.40528810352,2256.9539248294577,Groceries,58.65782740619338
66,57226.46795335517,2089.790890969799,Groceries,53.73759638096853
69,52159.154692214404,2175.31504963678,Groceries,52.03141427110584
29,75735.13838755334,2244.593565073832,Travel,47.31712364486
56,49434.84464185861,2317.360734280885,Groceries,43.82857610166635
19,38873.08055454661,2554.8499209781116,Healthcare,29.679962325741993
20,36650.562397141446,2204.9093284642563,Groceries,28.133380361217583
66,69090.1492701846,1879.3711726907288,Healthcare,55.68486310963615
54,40793.559712555754,2336.2868506013656,Groceries,42.04731101618497
66,86321.91272976546,2949.940967447608,Healthcare,69.36378551765898
34,28771.058881744168,1933.6831268087133,Healthcare,28.06435743053247
66,85446.84552435057,1512.7353476646792,Groceries,64.03731045718793
19,63165.26200803927,2553.5403346434864,Groceries,44.48712592613973
19,58549.30332194411,1939.8094180232008,Healthcare,42.16508472319505
45,51826.21369786575,913.6652269929818,Electronics,40.27331433522577
40,65987.04171528107,2423.710838575211,Travel,48.616608700481315
54,59435.47946362727,1732.3359070230385,Electronics,50.36482687668371
49,76549.52823024782,1954.7333588479196,Electronics,56.16817207332577
50,61713.41472993059,2165.9901652845074,Groceries,49.90989329420785
18,62254.52642192817,2095.249839889533,Travel,42.197069194192494
36,54545.81681679216,2354.7259085695196,Electronics,38.96364805052053
19,59145.81564418399,1782.2568147150782,Groceries,41.474026101227494
61,64617.026533380886,2256.552899088041,Electronics,55.26698011352521
43,34347.474110150615,1870.2266612080414,Electronics,32.99120408836703
49,39777.21866841431,2369.4052404437516,Groceries,39.148951506651755
23,71148.96141034072,2307.6837420065267,Groceries,47.01470689922445
49,62562.981571919125,1532.2806489777024,Groceries,45.58364947702512
21,57240.24995470981,2542.991058087516,Travel,42.995983548436406
28,60276.5089959809,1732.018277442976,Electronics,42.084942317417635
34,65213.72558042507,2404.0288991405723,Groceries,48.50092484938843
55,51903.60479535958,2183.6436567006704,Healthcare,48.722189252229214
41,48325.42911896531,2919.0918383975613,Electronics,40.25857332115718
22,62937.67882646522,1888.267008814074,Healthcare,42.79231722893122
69,45324.40833577452,1825.3416019409012,Travel,46.47760518997148
51,66123.79133571708,1990.2901970561336,Groceries,54.03601761240379
23,34461.245936432395,1848.4101085828622,Healthcare,23.572988344678933
39,75437.33455988465,2399.970950971025,Travel,54.02042058140184
28,67088.96223619564,1191.844695781706,Groceries,43.12252919809331
65,63840.44601470813,1473.158790426823,Healthcare,55.23106648947602
33,74740.3647591827,1466.0985392104035,Healthcare,51.14246783274856
50,84982.11666693864,2475.153795986788,Travel,61.02611413579884
26,75215.55097527195,2855.3066862909627,Groceries,49.69404113186581
23,32386.88653002532,1947.7753907312642,Groceries,26.76766330936053
33,40806.34549896448,1915.5891384049946,Healthcare,32.34106657166182
46,50627.72133456482,2035.0260815565907,Healthcare,44.86788022129984
20,60391.36575316251,2580.9391513040955,Healthcare,40.61914677829456
37,67764.88530703685,1536.323432904713,Groceries,42.24111308068457
53,49113.84280269802,2119.1844913673926,Travel,43.94564627084018
36,62801.50146715617,2487.5988148912147,Travel,45.098860721672565
43,48669.256014700164,2250.5470849699227,Groceries,38.47317054636804
20,50827.23295512078,2094.7908082993717,Electronics,33.12834481771399
36,38900.08354727666,2500.5230462835707,Travel,35.469904809871416
37,46151.50130833643,648.3838535003815,Healthcare,38.129800017665445
49,39724.730915755,2338.9376597654536,Electronics,39.86660972513836
24,45361.90120534001,1672.962158436288,Electronics,32.013868143111104
69,75804.62694911759,1084.6835515717717,Travel,61.68348896804375
58,45759.01666752085,2255.6012997624903,Electronics,43.87253031284742
50,99485.73097256086,2686.829272581479,Electronics,68.7273232931171
57,67399.76851321333,1931.275742686154,Travel,52.353710405513
56,62772.54185542311,2476.4372736014693,Travel,49.63548786141106
35,47124.6332972818,2806.1391289943226,Electronics,38.89474749351066
57,70504.64819113487,2657.457226792024,Healthcare,57.98334552899174
18,51365.43260643339,2819.9822646856965,Groceries,36.529433492558304
28,61830.147219680424,2371.063745535946,Electronics,43.225267245017385
45,98401.26807403192,2037.7168194507965,Electronics,64.88457555452398
42,58559.10150413025,1199.0170940514158,Healthcare,45.4940773235379
67,77239.09989428514,1876.9687559350257,Electronics,59.839223619119444
40,49452.35362311169,1578.376702341904,Electronics,41.43498604392661
48,59475.17264254557,3085.471358748907,Groceries,48.30409500091715
47,86562.00953453264,1912.0570937838318,Groceries,59.70024848012792
59,50595.494133183485,2061.6024033922426,Groceries,44.18738149214487
52,87186.72836995393,2275.742688020234,Travel,62.742045267246155
24,70616.27903183213,2021.801223186227,Travel,48.502366879244484
33,51562.99836158598,2847.5255202153767,Groceries,42.40780639811166
43,69486.11608583282,1688.675319132774,Groceries,52.977252905238025
65,74588.31674440095,2097.3037276186215,Travel,62.03305091930559
69,69327.14943325795,1628.764707150976,Healthcare,56.41376447387019
66,36446.629201643154,1339.988744389647,Electronics,40.04171364094576
19,49092.94236262697,1694.1154545473573,Electronics,32.07430383217327
18,56287.22046672743,1981.481601475794,Groceries,40.167723244393386
65,58883.498563499306,1785.34888774137,Healthcare,50.11886976437977
29,69310.08146326017,1653.789510063072,Travel,48.450015130534446
22,62665.51501399881,1296.841268164083,Groceries,42.312347783545114
54,39969.834619348476,1958.4472136856525,Healthcare,43.76105214047771
49,65702.96776508944,1247.6398129844988,Healthcare,49.22739032325472
26,69158.78617925735,2380.027981844801,Healthcare,48.564093372478595
58,68396.8567189656,2041.2198764672517,Travel,60.24417178549499
52,76211.71088331932,1271.2242502675347,Travel,55.01302058832733
36,72508.83231823356,1845.3954614750683,Electronics,47.67512658700219
65,66887.70118842655,1623.9217972047084,Electronics,52.431674120807166
33,58947.51432812029,2159.5872552095902,Healthcare,45.11835573220199
20,35085.58599726013,2670.2252230115723,Healthcare,25.116943028536042
37,66444.27328698878,1062.4137651771277,Travel,45.702326067972805
41,63115.31530744667,2057.5130395737087,Electronics,48.847310106948676
50,64073.6825579306,1919.93360221668,Healthcare,51.247059557058485
41,40848.77136269536,2335.670038225233,Electronics,38.24661548616649
69,43784.151893876064,2106.5983141188444,Electronics,47.249852286777426
28,75797.29279999355,1624.0153341305904,Healthcare,52.10440869488474
66,59406.672692150176,1840.473032166691,Travel,51.27964964893088
25,70222.51046058937,1601.9870715982556,Healthcare,44.46123909657414
53,60424.77564195692,2538.003569299299,Healthcare,49.6430760690354
55,60446.34209243618,2010.6558243359711,Electronics,52.40486631861525
57,74074.25708963997,2950.5953428765038,Healthcare,61.83911640736312
37,52259.32907673939,1969.6695930926896,Travel,42.07145436319209
52,61441.811654114754,1645.7966165447685,Healthcare,51.97948639392676
65,53065.87066942436,1243.1428036935863,Travel,46.16313920734659
42,53482.55658851527,1098.4301618720274,Travel,44.87258684110396
52,55362.41814797041,1207.932028497255,Electronics,48.743550374404236
42,63332.00657450569,2133.563325505742,Groceries,50.00437393275582
46,52818.77067504784,2254.362511614967,Groceries,48.28170817829597
35,78836.34188360281,1209.4046489839334,Electronics,49.023733824413725
63,46580.89046670744,2447.5191570380575,Healthcare,46.03658727490453
35,57196.92533757961,1758.4694741582803,Electronics,41.14479469574246
19,53404.034125887374,2073.3965059927746,Travel,37.99176872244392
52,81704.668265306,2806.110314127712,Groceries,59.96427328170413
33,62948.32164767362,2448.419657932766,Electronics,47.78599043837732
58,75477.66809202952,1865.734676047084,Healthcare,61.61137568610235
53,37716.59440444542,1554.4038872923563,Electronics,39.257510776975415
50,64005.75398803888,924.0922993353474,Groceries,49.41856364001313
21,73344.46193435155,1640.4233403787898,Electronics,44.277330966131856
50,61234.259839131366,1894.4348805861528,Electronics,47.71229774848726
31,75982.20562598026,1506.4102364244081,Groceries,52.80316109643228
38,52240.673248494415,1934.3715164538476,Travel,42.947777664965564
65,81140.2116027837,2038.4259414793842,Travel,64.06891864559553
37,94483.47185428876,1887.5720090959608,Groceries,61.28106085380452
25,54557.42159340512,1674.9987095882702,Electronics,34.07709246965634
24,53317.462178988426,2084.327335983364,Groceries,35.885680924092064
20,81800.7671567655,2220.9703247847046,Travel,55.16516240223161
34,83693.58218596068,1454.8004612785771,Healthcare,52.39548087353256
50,52157.09959270098,2705.466189873135,Electronics,46.86844181853892
65,53697.19774356214,1950.7059338578692,Travel,52.2648986858872
29,55773.230867092396,2009.424811472424,Electronics,38.09561972048646
68,39833.24233448584,2354.1072116282785,Groceries,45.39425654006164
39,46220.22080273703,2116.608065631751,Healthcare,40.91915760765333
39,44937.88849871898,2476.5683169566228,Groceries,39.147079527087236
63,48483.03652343807,2143.562082600912,Healthcare,53.165448538254395
47,59479.72668919828,1693.781312679781,Electronics,43.89022745220231
55,63513.22098804781,2180.751762603051,Electronics,54.735571078997765
55,83257.50739221115,1428.136896339669,Groceries,60.639424013991984
62,45024.68938891814,2054.2798528882618,Healthcare,46.76474470990894
68,74764.83597714876,1983.3850046777695,Healthcare,62.63180230132841
25,56790.16733661736,1895.9415713637302,Electronics,38.22065441681616
44,59258.044355213504,1935.7312442805346,Groceries,47.158477451086505
44,70122.29238249906,1059.0754772511805,Healthcare,46.66349424295531
51,43159.16967656552,1725.6375461295193,Electronics,41.53735493168459
38,65736.14619276076,2046.4224505705574,Travel,48.95723492950254
47,62496.78312319584,2079.9281959987,Groceries,50.78556829088153
50,67386.76896012224,1486.162429537021,Travel,53.78194598930946
45,64337.52965861727,2632.8539204323506,Groceries,51.669712350592754
64,96829.50209866342,1566.9125758927496,Electronics,71.04475504071377
50,50433.900236230256,2484.728600263368,Healthcare,43.42427064531928
22,52035.04567497274,2213.5971809358425,Healthcare,35.620275672059954
65,50652.89210362853,1676.8863450780984,Healthcare,50.55368798232512
36,51667.843212596184,2887.655446304756,Groceries,45.28190331031956
21,50439.19309040223,1403.18158412176,Electronics,33.84973884082052
52,77835.24796661327,2459.577086805001,Travel,59.52878365142319
66,81307.56371984782,2500.291159021489,Electronics,63.64513542797935
34,51438.805593757854,1664.6898954616777,Travel,41.59429627833717
61,47514.66640343657,2696.232650032164,Groceries,48.780632149166166
45,67071.23334579606,1874.9767427005236,Groceries,54.66800503122658
47,51716.65433578543,2144.3468146399287,Travel,42.490374642813094
46,69493.97726633266,2130.16091938561,Travel,52.05129467390111
63,63043.845312769496,1932.845629264726,Travel,54.75050575996535
23,37263.83827504152,2405.404136579891,Electronics,31.635706486132083
52,83212.57801995092,2396.7443602761064,Travel,61.568442455432404
58,86938.16509643283,1125.7340133809096,Groceries,61.37462839407083
54,50808.16964273421,2652.1701214390764,Groceries,48.67124012209241
41,54184.47660096024,1168.7540059821629,Healthcare,43.1720170375356
46,64287.98086087358,2516.2731021708287,Travel,49.14398843365099
66,65016.851849805375,2563.3525684137917,Electronics,60.14601666394127
63,69878.16409009245,1454.516784892401,Electronics,59.08851303322424
48,90153.06808149524,1794.5928560227076,Electronics,63.334312747288614
52,57345.79158758926,1447.147665757032,Healthcare,47.32638685006077
50,48025.541331923196,1892.5394848556323,Groceries,43.905965177904676
69,39310.21157978209,1845.9828579071293,Electronics,42.32366536519278
38,49036.04940087121,2389.8302661346697,Groceries,40.757748191033116
49,59503.095406893044,2655.154373059804,Healthcare,45.45708936034777
40,86918.36795276681,2697.8419053949783,Travel,62.607779078179234
50,52235.830514457426,1718.915986710849,Travel,41.432760785766696
20,63356.819274583475,1895.389063127736,Travel,44.47602742040521
35,59753.65655890872,1158.2809038895248,Electronics,42.03314989930051
42,77825.89910172127,1597.0649667519056,Travel,54.28374552050209
59,97903.98638810433,2482.425816548729,Electronics,70.3613770149806
48,52036.96840619519,2807.7914117741157,Healthcare,45.45798927880167
20,52658.40836222667,1382.8255640600391,Healthcare,37.93191799952949
57,75662.41315603608,1703.767870423553,Electronics,53.363125005794984
63,70228.37234439467,1986.7971215205364,Groceries,60.541711187414776
41,87700.6098860405,2140.0805794098032,Travel,61.10651306404328
67,68758.92277988946,1595.1982400391769,Travel,55.25581457430866
49,54610.61863819411,2212.030522232045,Travel,44.278745577462665
64,68859.82246038463,1763.080326464542,Electronics,60.50885793753781
39,76630.55370874362,1992.7738645608604,Healthcare,52.109810823608065
40,72307.23271796046,2273.14212400185,Travel,50.39319958579201
19,67609.11046660946,2003.211134905469,Healthcare,45.78560658784514
44,76000.1203438373,1781.8070547367156,Travel,55.44078003396391
59,77539.4338566851,1945.1950980370846,Travel,58.48425597134393
19,80732.38486556291,1955.8185203973323,Electronics,50.41107942438536
43,69730.64831384463,1814.994485058936,Groceries,49.343807759759635
34,57493.22879524718,1870.6019686664488,Electronics,44.8894611318017
57,62200.705296499844,2799.3235852523585,Travel,55.92174174850091
50,78097.63449762535,2280.4597239706195,Travel,59.6737490943978
26,47745.964935191456,1852.25984098542,Groceries,36.1008242720606
60,65530.099633093516,2348.477202255368,Healthcare,58.98438047079224
65,54099.91781508959,1833.0902551219951,Healthcare,50.21551207256523
56,60431.17234402226,2586.5623187933206,Travel,49.82496255875617
46,79176.77793910948,2184.821096099047,Healthcare,58.656978987417446
59,62866.48602029855,1946.3489279978855,Travel,57.19803496521927
43,60696.54822234223,2223.858462905139,Groceries,45.666472050609684
52,39602.15788530121,1214.5619239657503,Groceries,37.107277257194134
67,71193.80349040832,1436.6162655450973,Travel,59.40302635249726
42,69682.26271711613,1403.0374968004721,Groceries,50.13939665414753
41,92448.8208495819,2071.4715473818533,Electronics,60.70274635880002
30,55383.32647570499,2866.257499742546,Electronics,44.667893949798525
24,63287.254914959085,3115.650073096316,Groceries,49.715009047706694
53,63740.75525566133,2319.0255507203788,Travel,52.80069164731923
62,83661.79919645212,2250.4222374722285,Travel,63.12360749369852
37,58570.567014195716,1099.4711329236306,Groceries,39.48630472283817
18,64185.32288655509,1728.6631001329893,Healthcare,41.465939605985895
25,69118.44764574809,1606.1081240458807,Electronics,47.47919475759832
63,62799.13684734537,1689.576200874442,Healthcare,54.629056318412324
33,53303.49578174208,1915.9280907076052,Travel,40.37879639044854
31,62911.34989347462,1763.9547111514364,Travel,43.10504106546157
29,76104.47624789659,1010.3500948121061,Healthcare,46.58861104813632
68,44602.270508834095,2373.955128058767,Groceries,49.11854816318434
40,61994.54511220314,1463.6284871300968,Healthcare,47.75207277313293
32,49498.1877759124,2119.623432055575,Healthcare,35.49688117868589
45,77925.69943387264,3037.0413348749867,Electronics,61.716610343047655
51,37152.19642824338,1540.3077042067882,Electronics,38.10485606432327
19,51616.17229092617,734.8562386268352,Healthcare,35.77698791300834
49,65658.17812596781,1856.9978890599446,Healthcare,48.55882934413356
40,83482.86043851511,2550.4798174992857,Travel,56.110741543425256
39,59013.746083905186,2979.173727110297,Electronics,46.86728187663859
68,51672.00709960202,1385.2252027737916,Electronics,50.01202280913898
42,88217.35604160884,2248.349611618261,Travel,64.79809888989487
39,38279.79149375634,1767.3447716099733,Groceries,35.78674311772838
39,27017.910650698774,1947.0258228479322,Electronics,28.617644417421182
66,66600.21675079998,3322.1716735085174,Electronics,57.69171330708525
69,52469.18663471083,1248.5148358024235,Groceries,51.89162413439856
59,44681.5077430393,2126.869830747287,Electronics,42.36508268151279
23,70625.3467094903,2233.8465858827167,Electronics,49.937303636055226
32,63657.010706567984,2542.8931624696734,Groceries,45.94552237901032
60,51538.820538949076,2048.991576735448,Groceries,51.048557568181124
54,40795.43401993658,2154.0252697520514,Healthcare,42.26363012959095
50,73086.85992420217,1804.1757162891045,Travel,54.87779041579438
25,69753.01766937991,2134.5634706225537,Travel,45.60684303228281
61,58512.36204330926,1828.4038622512949,Groceries,50.53117299146506
61,87699.554940715,2310.7859449280254,Groceries,67.62798274496403
22,43948.72850510771,1815.194831978183,Electronics,32.35906690894566
56,37117.12243612892,2188.5501969510933,Healthcare,38.54803879582924
21,49621.378951781335,1985.3685931575108,Healthcare,34.750163841570426
23,59316.209754667536,2563.0251253860843,Groceries,41.84130918754423
62,63650.091739840376,1974.3031382057568,Electronics,50.11618395750207
49,56381.459132155054,1113.4837658965594,Electronics,46.03403332744804
69,65280.83094771445,2630.960750356996,Travel,56.6428945251376
47,41226.90863714334,1547.1338495686905,Travel,35.501057211297564
64,81656.46906109889,1673.11683067559,Electronics,59.9997794976792
52,58767.732324111465,1702.169352978254,Travel,44.80041987227646
57,76759.43747382192,2687.2190465854087,Groceries,58.143261823857195
69,65140.88019566556,932.1628930106522,Electronics,53.7167239685931
33,66851.29828730675,3568.874266829997,Travel,54.369915952366505
30,68546.50920348306,2528.028404533026,Healthcare,47.27755205901717
67,66715.62840025972,2111.61945706458,Electronics,58.03655332679509
59,69640.84139801316,1972.5529996918567,Electronics,57.26648947140295
47,79937.28795198648,2142.7770374288284,Healthcare,58.616328423282596
36,62947.817545522055,2260.561214189669,Groceries,46.64014427968837
34,70635.05636382768,2322.6077929750286,Healthcare,47.77215624066541
36,58653.964585691596,2277.8022330017243,Electronics,47.58444185540767
45,81601.75823174209,2044.7903406276243,Groceries,62.004853084402065
43,49854.115469110955,1901.330789846337,Travel,38.26440192600278
54,87014.10649366223,1924.3633581732443,Travel,61.50772278140484
43,59397.63074033485,1902.5458598236596,Travel,45.844286405060735
40,38538.37346822928,2566.885048433532,Electronics,34.47388124116132
26,61921.56622366184,2296.778361140431,Healthcare,44.366270941023515
29,49784.22513787678,529.8056826678599,Groceries,33.19517952946088
18,72609.65323483085,2327.9503882648805,Travel,50.690839529558396
18,50210.640310464136,2097.3680973593873,Groceries,37.081153538638034
64,53307.248501778304,1990.6456217770512,Electronics,50.26006355570769
51,31656.889035817036,1805.740773455557,Travel,36.79389859145909
49,53215.405211263846,2562.0563599930065,Electronics,48.64361617433255
65,23641.81010056565,2473.763231061429,Healthcare,35.1405365362892
42,36241.45764771415,1613.5611660881955,Electronics,32.31541666694954
57,71406.21984216446,2203.5261435622674,Electronics,57.36644833414606
62,71787.00237976249,1514.171632729357,Healthcare,59.24511670433585
18,66381.86342677448,1310.1909176055347,Groceries,41.48943434590514
33,45495.3578530618,1686.6413877050175,Healthcare,32.86696873755894
56,59284.3296578703,2431.1967361913794,Healthcare,49.698909413416224
22,59945.96191364148,2476.5625226880434,Electronics,41.37816027500807
39,42624.52966211186,2256.5427100486463,Groceries,37.37401904250156
46,82550.97452650726,2362.5478934239986,Travel,63.74566740368124
20,73160.43435863507,2258.089143557479,Healthcare,44.3244195816345
29,56685.53739255504,1679.2592023885238,Groceries,41.41246558472632
43,60403.28758491796,2215.9612723369705,Healthcare,50.511792553789505
33,63125.74211921329,2400.204762613841,Healthcare,50.806180075679926
68,29373.97697363564,2377.1456649067873,Healthcare,39.03248497026347
54,56292.339262191046,2594.4566857373215,Healthcare,50.51794190801056
39,49770.23628003302,2354.151923600532,Electronics,42.43294270161487
46,44975.69985157627,2175.7241037707913,Groceries,41.03026159643629
31,55783.495606710676,2535.075119158214,Groceries,42.06420763919315
45,86965.29790274284,1986.73937037547,Groceries,61.82807847112245
22,69612.64291900514,1559.0626743861412,Healthcare,39.45995463783548
64,51432.31515325805,1918.4665180281181,Electronics,50.117229592810524
66,68588.74172034238,1627.5486775967754,Healthcare,57.60182402268868
47,80990.33154879004,1662.4108625128092,Healthcare,57.47503770586411
63,73869.50524369153,1927.740664642241,Groceries,63.78395834256936
69,60894.45554880261,1603.7900395000192,Healthcare,53.00493981582024
22,50295.94833441639,1846.0192351804799,Travel,34.633860659439094
29,70473.34970420385,1053.1926665231072,Healthcare,50.026166789557614
33,65902.28078132625,2106.6468536864695,Travel,45.40031148833636
43,73427.89830041598,2000.602737681112,Healthcare,52.51492405969714
43,69527.57702522955,1591.4556844659046,Electronics,50.55264903468488
65,75743.29072979002,2329.6228342162026,Electronics,63.71235999758651
38,51971.47182659148,2468.7850688132794,Groceries,42.738911065628926
56,79760.91098451489,1196.220067815513,Healthcare,56.48764493358395
53,62963.994070386,1618.6376107168928,Travel,49.5549351303724
50,91128.91308937898,1615.4288251063508,Travel,62.580605328477766
47,49662.18272865648,1530.0484494455677,Healthcare,41.83674617277328
54,86039.45704747873,2414.737420965874,Travel,64.90089068293076
40,62968.66175193972,1903.0869306135983,Electronics,48.126916248973
27,50228.72994578327,1867.7425793446946,Travel,33.39782662348423
22,52741.71248918518,998.0688177966233,Groceries,37.09487585530755
53,55194.7903770852,2317.709015104613,Electronics,48.63795091074507
51,66362.48919602875,1380.3708025732637,Electronics,54.011050298348714
69,67842.5323205325,2029.966315133164,Electronics,59.56959544511392
48,51394.49994092131,2138.688468979096,Healthcare,46.57727282389037
27,59634.68111608526,2680.3292979193257,Healthcare,44.211089776781535
36,92134.05537917795,1345.589800440444,Electronics,62.25065880287536
49,85913.14755151067,490.2439220895874,Healthcare,59.68156289197006
18,66544.85504511048,2091.9247723768476,Travel,42.660446574423126
22,60570.05217252301,2900.255590755427,Healthcare,47.23040670866612
62,61800.46990077392,2619.4731764697185,Healthcare,56.51725554788617
21,69202.76959095625,2104.829707637313,Electronics,46.25853305276158
33,44658.111522023915,1754.1819071839764,Groceries,33.18481074230324
41,56139.35193864982,2403.561298318655,Groceries,42.60018333103515
33,34971.238891836154,1513.2269001477657,Groceries,30.99750421049731
19,65988.34683907918,2238.1788846781096,Travel,43.461573584432294
66,69707.93909554112,2252.7350795833136,Healthcare,57.931194576920554
45,52752.20306550939,2530.10495374944,Groceries,45.218276839477696
49,83609.80144935049,3379.8300194555386,Electronics,66.44181461967351
44,41613.51505496488,2196.2079835893837,Groceries,39.78997844376181
37,38034.376796852695,1745.5181871462505,Groceries,31.32620775321337
41,63366.77727839958,1987.2128439040027,Healthcare,47.734796672721906
29,75706.47453918232,1115.462047555441,Healthcare,47.174228402996924
67,85258.91537186803,1652.643434455471,Healthcare,65.25934472202782
52,53116.7360569659,1795.358780943448,Travel,44.92185425911056
50,76180.21250146943,1737.9558010327037,Travel,55.61072668759211
50,59422.372957489395,2076.177436016861,Groceries,46.35327060683163
68,57410.59050088771,1588.7900338088998,Healthcare,52.027565955025274
60,73254.89906230009,2560.5153336622357,Groceries,58.627264924779894
54,69784.84317620129,2000.1035324590985,Electronics,49.233731273014314
29,36354.117645236256,1995.3498394306928,Electronics,34.97370255048284
20,82148.10524588844,1836.052641743541,Healthcare,52.923697214864646
18,80701.37031221177,2077.5953419294897,Healthcare,49.15327439011487
50,50616.55947735706,2412.5491323338174,Electronics,45.17101610282737
57,65937.05300156113,1566.4348921445498,Healthcare,50.858087590434536
27,67410.45279424108,1670.9417554623717,Travel,48.53855566366702
60,63910.10648735861,1848.1369856116676,Travel,57.445904604448856
61,51745.422692318694,1327.0645382633925,Healthcare,47.14022787917918
46,49925.64948092923,1590.371070139251,Electronics,43.99062816911381
30,59616.688935128324,1761.8895632276706,Groceries,42.68269715188735
29,77590.93528889047,2437.1945903563637,Healthcare,49.69640594740609
48,68154.00231891648,2131.2806645009623,Healthcare,51.915915750532854
63,54440.78501870841,2096.794955683772,Groceries,50.577838354265666
19,71575.48065972517,2425.448981083986,Healthcare,45.42954285454367
68,17271.86069054887,1931.3141058003016,Groceries,32.46125200200497
67,77231.48550558156,2195.232424964445,Electronics,62.92340848770144
52,33904.293318328506,1948.389123533752,Travel,36.28716791050083
40,54563.38587895302,2132.681174699814,Electronics,43.65157226987111
34,43204.95158060784,1708.620671194209,Travel,33.098506999899136
43,40579.77786418641,780.5914208617855,Groceries,33.317039475560904
25,77412.4018106778,1932.8604189068478,Travel,47.502753211752655
46,52984.48198032163,2711.37406804997,Electronics,47.67062022563316
43,65197.55822596073,2463.1077011207963,Travel,46.213700631541315
27,59296.19131681224,2482.6987422955854,Groceries,45.02067382963114
43,67155.61240834682,2618.0653609031087,Travel,54.48663572050531
51,61152.32836590383,2044.3287954807188,Healthcare,49.360460599948105
68,40755.11663717146,2098.6578537027976,Electronics,39.76859985033672
58,74944.0022917071,1691.174052282825,Healthcare,57.53172812648462
24,52593.65125258031,1841.963571986475,Groceries,37.052384447685476
21,36651.271520103735,2307.885574885571,Travel,27.22021046996518
67,53578.27258551131,2601.9422185844082,Healthcare,51.06258394230798
62,82511.39685951466,1930.2768621595003,Healthcare,66.77664255180304
28,72753.3261317024,1774.9053675742941,Travel,49.65632812560327
46,54770.21798388211,2000.2639794282986,Travel,43.33650872204146
53,54761.13443522357,2300.6033744645574,Electronics,44.68657562735003
42,55175.47423173926,1278.072591933229,Healthcare,42.08984766451654
38,91151.21975341262,851.9095234313809,Healthcare,58.252515364868195
53,65729.0317834733,1724.731575254208,Groceries,53.2063774169717
27,66450.62470786604,1389.6437870429208,Electronics,43.033966502883544
54,75454.25181047764,1745.9299011763446,Groceries,58.44198485831524
26,63581.8373853977,1926.1098405912642,Healthcare,47.313446454001834
41,56114.36781268945,1773.3757954884934,Groceries,45.53493754221024
52,57054.75226372533,2726.233767235373,Healthcare,49.48366665167187
66,58925.98110878904,2163.37238230116,Healthcare,53.22343437689025
52,59441.66645235238,2150.237179805414,Groceries,48.90796131742728
65,70914.4431545547,2311.103572021701,Groceries,61.94071054622504
53,60779.18828710949,1430.5834411096155,Travel,47.89613413387137
35,70989.6011582337,2519.555893710134,Travel,51.12435778453708
66,58789.251298371266,1962.11785673227,Travel,53.22125716641235
56,61179.52785474136,2335.2403086206064,Healthcare,51.05667615898883
49,30026.989732018385,1464.0713834799221,Groceries,29.896706537200835
41,73744.91512053722,1223.1206169919678,Electronics,52.264647801487875
40,65197.32713846989,2408.944829012514,Healthcare,49.294545283549205
49,74970.15164789479,2188.204763048758,Electronics,57.56196628891806
54,16556.169327094663,1548.974222821245,Groceries,26.508832496311488
29,91325.62057171091,1565.1684593626528,Healthcare,59.93478980220686
66,57906.15557767239,2562.717392207385,Electronics,52.124965010827275
30,76622.74225106275,1405.294053566336,Electronics,53.54603980069983
40,44401.411093117036,2821.336476627982,Travel,36.348105480157955
42,69191.60857593855,1549.6896326760657,Travel,51.16472368243519
52,44198.76655239516,2319.1959628041914,Travel,43.28863656685921
58,50643.465589562926,1835.6907621255077,Healthcare,44.80200018315071
47,88710.4703080018,2301.5937155411716,Groceries,63.90721046080526
34,57139.7639885498,1727.9429989429036,Groceries,44.78480533168102
66,63261.49309769584,1918.603546963853,Travel,50.8343159640675
37,73051.01596033131,2020.4595876978606,Travel,52.67191677054301
65,67435.22831958906,1498.9062721092637,Travel,51.2288850633529
42,62256.28357715365,2370.412172710063,Electronics,46.53763652695053
39,65474.41503699338,1743.3932167642074,Travel,51.182326681827
30,96051.23377857413,1885.7000423299908,Electronics,59.63345290716293
36,59135.71804449622,1502.8253126957438,Groceries,41.02574971882166
66,63016.485700724515,718.8331706023448,Healthcare,52.35003373359759
53,75759.81594011417,1904.4861186999156,Healthcare,61.72469288378402
29,76582.88899436976,3206.307710806458,Healthcare,49.74069542438574
58,77805.4545834057,2392.302143949012,Healthcare,58.98471175632219
36,69580.95333043777,1990.3698101328027,Electronics,52.56607965184374
29,42854.92630904275,1868.554585395866,Electronics,37.57997701238857
26,84501.47298451644,2011.2329464060233,Travel,53.866339936489695
24,42804.81910471968,2273.559557587605,Electronics,30.671423262481767
45,64539.531978585495,1409.5935923455777,Travel,52.78064017760222
31,48685.86224970963,2557.160847334436,Travel,41.94613760302208
48,59037.92480110511,2357.690657720622,Healthcare,49.99223769151826
69,64931.436154552204,2359.0928628539673,Electronics,56.259099105109186
36,64820.35823175409,2219.2378694048634,Electronics,47.5505961730107
64,66328.81131352927,2009.808328846995,Travel,56.063302152368955
33,84205.6690358797,2336.43061798341,Travel,57.33739836313783
22,66803.0145227097,2295.907066870689,Groceries,47.495324271358896
52,56337.65047064027,1822.979644529488,Groceries,49.173618606653925
29,74461.30752432536,1713.1991135515495,Travel,47.20229983529626
42,77842.05733386961,2050.9281476309934,Groceries,58.375877862235875
69,41585.882772945115,2774.510075747594,Groceries,47.66822581799405
38,68961.00104774786,1380.4464621730494,Travel,50.01552503993787
53,70517.59113466347,1266.2373671237801,Travel,56.62435202013649
40,55536.54744960012,2082.3804206182585,Electronics,41.70987406700947
33,80635.6021996743,2025.443850928009,Travel,54.19703764428024
56,57749.1661945121,2086.6708321852043,Travel,48.78501565890803
62,61883.64680207313,2121.97659895425,Healthcare,50.65005774821416
59,57403.922635741954,1888.3988726825974,Electronics,50.87217901844601
56,60233.685713722014,2744.931719301041,Electronics,57.42981939863194
31,43555.87369657197,1199.5480107617423,Electronics,29.796877380797966
48,38399.23676108559,1585.7514876098771,Healthcare,36.70656013366361
22,83917.57594837458,1948.3726199254763,Travel,53.73661908418779
52,47295.57977522508,1178.4055944229162,Electronics,41.850757479770735
40,45129.114758155396,1912.0727977839645,Electronics,38.16244686961414
46,27699.148295944276,2830.735082864009,Groceries,30.71261158680851
60,50415.57378465746,2010.443244147981,Electronics,47.69424686650502
28,40153.653098887524,2115.3504528593417,Travel,31.193999501130595
35,84630.22740204554,1369.9176174137099,Travel,51.17510552589308
64,75147.25634013952,1691.8192959802614,Groceries,62.54645120305774
29,49677.74482233414,1812.4018098380316,Electronics,39.08044767052722
26,93786.53708016463,1841.142451621883,Electronics,58.47887539702824
27,74726.48230487392,2640.8218975018845,Electronics,51.20303432385214
61,55127.529247370665,2278.8455303625624,Healthcare,52.570091709841584
34,22508.9142768964,1444.2710215314842,Electronics,24.791678495067334
55,94364.13858886113,2123.2523892160025,Travel,69.73660918238521
24,39156.41299854606,2249.1108742483925,Travel,30.681463846022115
63,35319.018795646625,2570.074519260633,Healthcare,44.32362591349247
30,75338.5564801446,2790.2703432841868,Healthcare,52.89139037850604
57,96596.28609508909,1492.4529040860657,Electronics,68.77115274292841
59,80764.09227765776,1594.571244394831,Groceries,58.73106645019448
26,68458.63680078539,1371.211070542692,Healthcare,45.34565225008149
67,68921.31512497929,1882.9900704465094,Healthcare,56.66272786839376
44,72801.23338170462,2233.1791872231674,Electronics,52.79040961224165
19,71383.92884680147,2493.667258294551,Electronics,44.74854768335759
22,64217.87135954064,1962.0244881787387,Healthcare,40.50051479232935
46,61563.01655927814,1840.076238372578,Groceries,52.511203562418146
54,59061.103081507164,2075.87899612437,Healthcare,52.544987656979124
55,48690.531166999855,1582.4285491849885,Electronics,47.85085768615843
36,55789.87384699839,3044.7693608473865,Electronics,42.338685606082834
25,34605.64778706922,1196.1694864409706,Healthcare,27.337670366238335
65,58524.90559807875,2092.3702894478624,Groceries,50.360178127526915
62,45171.133392736236,3011.8031096148197,Healthcare,45.81778316120363
18,43446.160241763435,2003.399922279999,Healthcare,29.29362599860857
39,62698.41226730218,1904.9804824992527,Electronics,49.33833511153271
69,80880.034295169,1821.2772885947863,Groceries,63.99011236857055
34,73774.74909003469,1909.8041591187962,Travel,53.04374153064296
24,36442.490945652346,2686.424237338265,Groceries,32.00233572667974
42,45155.57795144494,894.0690443352466,Healthcare,41.57320456860254
62,74111.56781982323,2766.716850648163,Healthcare,58.2303291649285
21,45262.68909692536,1288.0214237749274,Healthcare,34.02585387558613
53,56630.50275004463,1866.6738353827927,Groceries,50.24148078658936
23,68250.78148536828,1785.3777898506692,Electronics,42.64938864633141
48,45474.83317704547,2294.2766348853597,Healthcare,43.74023653123977
36,61580.6325921894,1200.9378240581264,Healthcare,44.66448187026341
61,39989.617576226934,2231.0863330409716,Groceries,42.30202893428859
56,50979.48534073179,3012.154811643426,Travel,46.66618131970875
44,64796.72901213806,1318.4129977035948,Travel,46.796971598577855
27,36105.09399702496,2094.853083805198,Electronics,34.44187735769472
43,66607.12106940598,1669.0089111016955,Electronics,49.54294399482135
36,59705.433016099785,2212.943603096518,Healthcare,46.64286371730585
56,68287.34931625721,2009.573888707876,Groceries,53.381023672209245
20,63358.712010969924,1679.256545477845,Healthcare,39.478163203997376
62,80462.10644960766,2243.936142435537,Electronics,65.48289512817479
30,61878.36753971861,2902.1740548933717,Groceries,43.044379456542984
67,53558.91688312121,1904.5481041363507,Groceries,49.85812711402276
45,61834.46254548425,2359.878971074091,Electronics,49.205044037034774
37,68149.47043554582,1353.3635210644181,Travel,48.10420746358186
45,60732.901054885566,1521.7818115909956,Travel,46.55182758059246
25,60608.87536805824,2236.2031389401886,Groceries,43.06848352410134
58,49470.12468289867,2742.0580142679823,Healthcare,49.00488988162092
56,50056.48623673578,2177.80667439283,Travel,47.65313155807221
18,38960.920923004596,1843.4709847384229,Healthcare,26.595794813643487
20,86243.65114780409,1999.6457027116771,Travel,52.55280678346781
30,41342.051469130725,1374.796133015141,Travel,34.81014372434952
45,49606.42203306139,2302.2576631776833,Healthcare,44.69702071803381
66,49223.89101646204,2441.1665311617044,Electronics,46.54855966759231
42,73423.86565416661,1773.9548335834597,Travel,53.562802294954636
50,55575.75482561958,1764.9789261202493,Travel,42.361384766300674
55,78716.131090106,2132.9391148260243,Healthcare,60.21781357882578
23,49897.640636341974,1781.6401319797023,Electronics,39.20763461562235
61,64184.91243335703,1966.9336926870888,Travel,52.43053816751472
62,47469.794201103636,3049.8608945832575,Travel,46.76597279873516
49,92177.23691660083,1876.4871496270016,Electronics,66.06965232070014
62,42186.023714557305,1820.8299239893888,Travel,40.249068674838135
64,64647.31065340541,1676.2290971824204,Electronics,53.61060346129747
38,69506.65321398148,2372.0959857499683,Electronics,52.09040085365418
33,66206.98646177247,1909.3879133909486,Healthcare,45.55369736228933
38,57220.68511683438,1675.313480839287,Groceries,42.88902954567382
28,58052.689503998605,2660.652016136506,Electronics,44.23602020490238
54,60657.17207968664,2709.801502256819,Healthcare,52.79128121143008
53,57794.96997557267,1699.7882171306474,Groceries,48.73069821463843
52,74458.18675192364,1066.730024319692,Travel,54.284308866061124
36,93157.84502387026,2503.756844918461,Groceries,63.12655843230996
37,51637.623224882496,1657.6850871199981,Electronics,39.98671642648173
35,39452.95530631383,2395.3127995813843,Electronics,35.932714472171256
64,58675.76927473118,1014.9480911440822,Electronics,49.5739167694178
58,98695.64006481477,2446.2986691496544,Electronics,71.27527942194762
66,47944.88148045404,1394.4140353596094,Electronics,44.58135322584221
31,84586.75208166102,2365.3820595332622,Healthcare,56.254124939884555
32,85165.51221114662,2007.136533918217,Electronics,54.575027446152056
48,51696.176374380084,1523.0302903016775,Healthcare,41.06605586746941
18,68534.74618777914,1796.4818435366096,Travel,43.777659076673565
20,84425.94934692807,2343.1592284783505,Electronics,53.32477268213606
33,54313.08388518769,2052.9472265576173,Electronics,42.728183865606226
40,56946.29459846457,2292.206490236242,Groceries,44.19530914055457
28,51274.786290770346,2988.2202922577426,Travel,40.829939423574174
29,44778.649039607,1217.8791941444742,Electronics,34.626678052639775
27,50260.83682400989,2808.606287484312,Electronics,39.73717860263676
49,41640.89599856615,2052.1779687616063,Travel,37.973496571202006
33,60511.25202388839,1550.6079758384358,Healthcare,43.55556892816344
25,48450.40153412038,1334.8431871305052,Electronics,35.12316773343052
55,63506.788676861215,1905.4398046114832,Groceries,52.07863088146946
29,36661.56530694559,2460.8250559622297,Electronics,27.779477448655086
41,64963.20348321686,1936.225439811233,Groceries,48.97503186917785
45,72502.93442413387,2755.577465123674,Groceries,59.68768422110877
25,30093.96536142817,1274.4121549742206,Electronics,24.37572845314856
45,65610.84854771358,1993.9555260769728,Electronics,48.837181130300095
53,78415.03488709938,1373.8032777934404,Groceries,58.601821118559364
43,41855.38471963192,2181.815941312484,Travel,38.81608066337407
25,85088.58580256555,2443.44369504865,Travel,57.316650622212904
67,66285.28514049068,1789.6191031594733,Electronics,54.30614446474651
45,49424.82216362387,697.8930716864329,Healthcare,41.07095773033479
45,59163.46383513441,2099.474073398247,Travel,48.461524186866626
54,68374.90368782583,2218.369275866755,Electronics,54.53989732176533
58,61140.080871186176,2202.1473774808487,Travel,53.05170982639817
53,68081.33988669554,2617.891095911077,Healthcare,57.23536709836664
44,46189.89610380951,1464.4731601754756,Electronics,40.96852513231261
34,62540.41236054117,2340.1080527252248,Healthcare,43.86438366157358
26,38794.2825464253,2596.2537562389875,Electronics,34.029965159201595
50,58331.60907976949,1110.7062079967416,Healthcare,46.25783974581319
37,46441.38537802815,2159.8259129594885,Travel,38.78609271096408
30,48967.050861153504,1747.9100844961642,Travel,37.12573958157247
45,78541.39762815656,1959.238663449177,Healthcare,56.38869016338011
65,76369.65180891403,2173.8382417691682,Healthcare,64.41591738220949
46,69137.07181360766,1756.3857179432239,Healthcare,51.71387142299185
30,43615.308529911315,1662.1459604191941,Electronics,31.892853929027712
63,55253.87325457797,2017.0762087440123,Travel,49.77402933283755
52,78196.46549968775,1456.3770305685987,Electronics,57.96837624460203
23,62125.753704598574,1457.0874355574074,Travel,43.335481292008204
35,94789.94309972541,2339.6866414782517,Groceries,63.78053420271687
68,65899.76759091558,1425.602982420672,Electronics,54.50001920280505
22,62880.73674735047,2333.156250454606,Travel,47.67706070794223
64,55363.25303696248,2231.2956464269755,Travel,51.873768433291154
42,62003.11357173423,1137.0966356047015,Electronics,48.42653153307455
19,57712.952454291844,1661.2176738321725,Electronics,37.57548270765581
27,70621.63015032886,2597.054701523686,Travel,49.671642967622695
47,74350.53475191876,1509.4172344301592,Electronics,55.97303885385651
67,48210.158092380756,1767.797868845306,Healthcare,50.177064207389506
62,40031.50569663333,2231.030446625948,Electronics,45.19255035232501
22,32456.919403450553,2391.6952546412977,Electronics,29.356244211153832
50,67619.86990368816,1874.2305569777523,Electronics,51.92822260341137
18,43449.50090739189,1701.2449026541792,Travel,29.383748175092183
35,27706.64110571276,2711.1849308492538,Healthcare,30.440905435203284
49,65828.67906796446,2869.4498318987894,Groceries,55.219495342461954
64,97394.99276149186,2489.4290253908976,Groceries,72.4309130299745
66,59908.9363269016,2042.659071282512,Healthcare,55.9701302374446
28,72577.36161677462,1595.867139179537,Healthcare,50.78564857771874
38,61227.440378213476,1584.7777967217173,Healthcare,43.35063394440333
43,58516.65520213286,2261.2570526328786,Travel,45.00700029873963
42,73786.14724481653,2209.199110444342,Groceries,53.630721725486275
39,55645.88183717023,2700.799296473215,Healthcare,45.539764847909936
44,64010.88471107854,2325.2250462680695,Travel,48.806758420541314
66,64825.467092940205,1248.459849120091,Groceries,57.41405860244458
30,49978.64319535427,2525.9738088614595,Electronics,39.88940293843695
50,74880.63524304784,1500.9696863427935,Travel,55.52115109069099
51,57375.60364956887,1808.0143640238243,Groceries,44.73201150509502
58,48663.82260760733,2125.1001031258475,Travel,43.35047987720036
52,68047.64765355605,2997.833744891982,Groceries,56.1815098171256
18,46522.98027313444,3554.9592780026805,Groceries,31.506217440262905
38,60422.717360536924,2303.3615295680916,Electronics,48.24335655869279
65,59863.21505033695,1908.401690639806,Travel,52.93210321770344
23,76288.43348747367,2267.252824240275,Healthcare,56.064908331406855
45,67120.47349319929,2443.827712936918,Electronics,56.5637246737057
34,59624.595618822845,1839.6661872214042,Electronics,43.328732045359196
22,72266.4944880043,2897.6056779561613,Groceries,48.31578459485184
48,80853.1132352597,2115.035379595701,Healthcare,61.047790404825314
22,68367.15459527794,2248.8715445456974,Travel,48.68766560656644
55,60155.28929765071,2332.9621260272306,Healthcare,47.96751078600778
20,40322.45651474761,2210.793305307228,Healthcare,27.01006393727889
40,44023.29505386941,2419.470250234806,Healthcare,37.60651841629556
54,55421.629434679984,1691.3734067265384,Healthcare,48.45903669714079
54,50857.31696761075,1720.8491230269847,Healthcare,46.064103910874536
27,57195.43045521831,1449.9228835141525,Groceries,41.737103904605156
27,60849.74887345661,2219.750615310113,Groceries,40.56498061061791
36,67945.39131535096,2389.468251756057,Electronics,44.91934443524984
34,58942.518329113635,2228.886433075943,Groceries,45.84506042131299
38,67297.52465739303,2837.2462166737687,Electronics,49.06686221611359
31,60967.1162221518,1997.2019905854768,Electronics,39.740986363469574
26,30368.00150469193,2334.3708277962564,Travel,27.94286989985724
63,45909.96909271869,1454.1495619303428,Healthcare,46.34963504665739
18,57838.686664175766,1806.4501487627995,Groceries,37.688129365370926
68,41854.578857383385,2347.768878782889,Travel,45.10713041389249
62,68998.93094994307,2424.551055371572,Groceries,57.62984312142287
30,82961.26248515546,1853.016526167909,Electronics,53.44549877011198
21,78281.42777545974,1964.2003740709665,Groceries,46.673020411991466
18,56798.35693604688,1241.0631266595951,Healthcare,34.85194336736177
66,82360.89205274929,1821.4853995966953,Electronics,65.66597663559567
57,62230.01185803167,2445.191581759893,Electronics,53.748746175288616
49,54943.71043322941,2287.602508053283,Travel,47.08317984465491
51,50798.960046885906,2250.332860690605,Healthcare,43.2098487811174
45,55462.95470267808,2024.88684359048,Electronics,44.918244714248665
48,54177.34772188157,2003.5315793140883,Healthcare,41.141606926683245
25,62556.243335632316,1669.8394302632764,Groceries,42.474753856113495
56,62408.60971574797,2349.4142101012676,Healthcare,55.560848693703655
43,60045.69030230122,2210.486472194695,Electronics,44.39555383145579
51,66554.07254619525,2246.0094239963996,Travel,51.89719977445492
20,77859.69412179512,1736.9825786662097,Electronics,49.06202577565025
67,74243.31203161986,923.3285400643779,Healthcare,61.57399836479365
29,37726.53047325145,2548.5763558768476,Healthcare,31.763968715779118
18,21691.182976470678,1760.581271995798,Electronics,18.382253373695143
61,74014.79866858911,1568.6121179784398,Healthcare,54.50677728541927
22,39496.81952376869,2346.7394559569966,Groceries,31.248764932414545
47,56628.518971609745,1803.9936800404353,Electronics,50.10639892617323
47,42448.304609109604,2529.968192023311,Travel,40.93880561253078
34,32970.293436299704,2308.5029747883486,Electronics,31.25759470935912
65,68121.94092307182,2341.784661600239,Groceries,58.888704406270364
64,71387.3274045397,1317.022144399733,Groceries,57.50552398317211
40,51352.34398909921,2605.9719926932003,Groceries,41.26208723541574
32,21134.365617826348,2130.625265616928,Groceries,26.07499317150244
54,51806.33327621276,1815.3614303768984,Groceries,46.185412545083686
38,65877.0600810382,2071.6942336711254,Travel,48.51714501172866
31,37816.32646838807,1111.8823835508401,Healthcare,28.481195946739213
19,62750.39879668733,2204.3264057403353,Groceries,44.09086807369386
28,59770.35226240507,1485.3142459089643,Groceries,42.58521011368668
68,68689.37249401632,1323.6648570782327,Electronics,56.28617428643002
56,61793.705526212296,1238.8204068910545,Travel,52.17814328425214
55,45403.96588677667,2556.3441874949626,Travel,43.31952964160784
51,77948.57252496737,1685.3683031536057,Healthcare,56.08101588376882
55,57622.05640459545,2766.8638549582497,Travel,49.32534967725365
67,59590.43190735102,1732.0992684738512,Electronics,49.817277384447024
51,46000.98061390206,1146.3210212035265,Electronics,41.53621711019449
35,53350.766232127346,1441.7377800256704,Healthcare,36.39656891943831
47,46727.95928959649,2617.9058100034695,Electronics,40.24290360227366
32,57405.809101148654,1922.0509110316661,Groceries,37.99583035448059
44,85675.62720213515,1725.8563517546995,Groceries,59.31738691899518
68,39421.48285602966,2080.0091129263938,Electronics,43.97011873332388
51,35796.57903184889,2250.8913680837727,Healthcare,37.04667982571926
69,82067.55491240413,2558.6994079512306,Travel,64.76602088276337
55,56860.14484272201,2724.249614946463,Healthcare,48.03410414438065
50,49963.908920101254,1820.115677105457,Travel,44.55092554135469
41,75598.57031094114,1336.976156958981,Electronics,51.67213360597156
32,50915.766903947035,1793.267419438362,Electronics,39.27713493392253
47,87390.14570320403,2130.140253291443,Groceries,60.28485598593647
59,70168.88807008904,1518.1205368946946,Travel,56.18281059437607
68,52681.32887781446,1521.4245425524787,Healthcare,52.39006959864432
34,92359.62319898256,2171.8939407749426,Electronics,61.89593108182673
22,50914.27615494993,1975.6738242147744,Healthcare,35.18365808947154
46,71131.4305801396,2016.3984977057933,Groceries,53.91291022619323
21,64489.38870609738,1620.7523326499652,Travel,41.30486866928818
27,79526.11934098197,1884.7996428971164,Travel,51.64841932567467
34,83422.66795090279,1537.8834278658478,Electronics,54.33587872688609
27,60480.0622359865,2445.0992055623933,Travel,42.901559117347254
34,48698.73194480725,2517.624667361876,Electronics,40.00880201327572
37,66899.58214408674,1076.9060688809532,Groceries,44.71688581064138
41,49834.26945371841,1535.2445699037949,Travel,38.25586621268683
22,90200.80871289935,1251.7353724549605,Electronics,51.42678999369717
51,62048.02996624106,1674.988032796551,Healthcare,46.47344883970621
23,54520.17673031837,1958.2810151048195,Electronics,35.64208501092787
19,62770.204587973625,1275.177390150735,Travel,39.95438208789654
30,39793.10565705455,1539.0700934373435,Groceries,30.189117984418193
60,45425.789422340225,1498.0213139592506,Travel,44.7361662675508
60,78006.20861916638,2103.633664699472,Travel,61.27979913648726
65,50146.58581542906,2034.6721685181253,Electronics,44.705628817874675
28,44296.3352597709,1639.1312233313733,Healthcare,35.13638124499157
68,68049.79128790929,2088.410436069699,Travel,60.223313807277464
64,77785.56231994496,1726.6599577063673,Healthcare,59.5583757257155
40,70784.29965997601,1864.1724448369735,Electronics,51.960877805451936
33,74940.71528708725,2836.7260451492684,Healthcare,51.33081325902377
48,48648.073671458085,2670.2305258951737,Electronics,44.25983864101606
28,38672.83999887234,1350.2093815362011,Groceries,27.907841948598644
33,82520.0047793323,2414.866208939587,Healthcare,52.403521902476164
25,55159.802417367966,2405.698277245796,Healthcare,39.125663383949636
21,56237.50475317429,1425.8683556236908,Groceries,37.02303119528485
57,79922.91212773586,2409.3888218774305,Healthcare,61.084874320393595
21,68343.4501410099,2768.9659592062762,Groceries,43.64159587247239
42,66838.31658122412,1438.727596877793,Travel,48.096815360105374
20,92475.03517351625,1541.2485894928682,Electronics,55.85860427090533
49,50347.22654429785,2508.830733421751,Groceries,44.80148867874736
20,73917.60192121856,2135.747655412824,Healthcare,47.595298332633355
44,60855.19687345627,2275.738137619762,Groceries,46.83884431105919
46,64028.88418294885,2170.294608200248,Healthcare,52.49846713730724
49,82927.02639618798,2195.347960464072,Travel,58.20186244591258
67,67617.53634434435,1336.7639358444585,Groceries,57.55741663803453
68,68074.4411857445,2523.658853310724,Travel,61.848320485413616
36,76087.61005964704,2584.794996213887,Electronics,54.975211207749076
38,54525.70905685672,1885.3046279659861,Healthcare,42.02841533023067
22,47411.85498991491,1978.2615250930687,Healthcare,33.20585645181763
35,44327.862089684495,1234.446248722139,Travel,37.204998844379034
45,30504.65115935997,2257.1273780089173,Electronics,30.420630485174478
59,90843.10694910484,2286.028720857072,Groceries,65.75336239550728
39,43451.87451417475,1968.9044915003444,Groceries,36.56863070910461
38,56681.19564621342,2562.1766799352513,Healthcare,47.340258698001215
23,55847.80050166619,1832.9613845100298,Travel,39.24935829193495
18,64611.10046713651,2282.3029629468,Travel,40.33406464244136
22,72236.05818808945,1490.1678306539422,Groceries,45.0777493445828
58,72907.10232539618,1988.223924562881,Electronics,56.601352723631265
29,51253.83842146592,1912.822871048582,Electronics,36.73298696836306
43,57493.174293203825,2112.653961020471,Groceries,47.82967418575641
63,64238.69925732449,1815.2365355833208,Groceries,51.906336441301875
51,56269.633107246795,1934.263702164166,Travel,50.52090566942048
66,84110.18364029989,2413.023585720753,Electronics,68.3375983719607
31,67364.62427457377,1781.6178813808913,Groceries,48.72727124125606
43,71023.16679074726,1196.7114496306604,Groceries,49.87912727058443
62,69943.21903001118,2874.79195210271,Healthcare,59.0213119810528
44,77602.10786227987,2690.727039345243,Groceries,54.516204380781
26,62715.3233805556,1353.8686524471907,Groceries,40.81607418103857
43,40547.5207806623,2344.853902622597,Electronics,38.850777890862645
64,65995.31927628962,1748.5126147243284,Travel,58.286810991156266
39,50229.64659312257,2131.74360766553,Electronics,38.863996878287445
64,52070.74977375365,2147.1120645067467,Travel,48.79858714191979
47,68795.4602813264,1882.796099841839,Healthcare,51.96072389988184
60,78574.24607150453,1608.1171672068017,Groceries,57.7117789657809
65,60319.073651040926,1654.7294738418702,Healthcare,54.151694256721
34,64632.49518898446,1541.904042259379,Travel,44.15207501552577
43,85533.22416952858,1584.0888958847777,Electronics,58.4440091741798
53,63611.297692328524,1966.4108549753223,Electronics,50.73457181229116
18,99025.24671270592,1642.120005444624,Healthcare,56.61818635580286
25,68482.64468447317,2341.02603285631,Travel,46.409284436988095
66,33588.55861266273,2743.6230776679636,Healthcare,41.650306304531256
52,71300.12431656799,1709.9733793149785,Healthcare,53.92629315235662
69,65717.37577324167,2119.7022502676887,Groceries,56.341169143795526
32,79346.29131124119,2249.842555151467,Healthcare,54.41188010748944
64,70097.72026904937,2236.001135459637,Groceries,62.02809694242853
39,57923.16024024339,2037.9776339580437,Groceries,45.017309853716036
31,41635.526455659514,2371.3412091798614,Electronics,36.85268207601173
43,56864.65114070962,2241.124476340329,Groceries,43.034130672728544
45,47242.1931868605,1381.168788836351,Groceries,40.19895704969049
40,51292.14825292916,2434.5780321946368,Electronics,40.32049355291172
31,68828.67606630914,2443.6454186333713,Healthcare,45.64777901535751
41,85048.56756527109,1618.356947910709,Travel,56.58225486353889
19,65920.07294734471,2018.968917723801,Travel,45.081772977947104
62,42061.754069472234,2341.664496405535,Travel,46.21423768488648
43,66669.0400233021,1895.3430902103191,Healthcare,50.51121563618049
31,77949.47229968477,2536.4890238830058,Groceries,50.28231307782853
68,50853.25643520927,3181.9362473096803,Travel,51.79793940944812
24,57989.742499906235,1607.0069836825087,Healthcare,40.01228523512161
20,60220.32292093796,1309.4776984231125,Groceries,39.0801893164724
64,48226.5253037664,2151.909297802438,Electronics,43.92949408052658
40,69724.20650765789,2360.7812525630716,Travel,49.80303006291534
63,58185.77777088327,1884.5668130776155,Groceries,51.63386698329943
60,66292.98665860541,2726.630331660517,Travel,57.67233581165812
64,46687.6173329685,1330.6971001383756,Travel,40.812947224561114
62,53438.125495148844,2346.4593115158054,Travel,49.687733419646314
35,70835.72036741656,1697.0695896205534,Groceries,49.5980969027073
55,54407.502718623495,2859.6889531036486,Healthcare,51.122353242551476
